-- ticket #982

insert into prc_service
values (9914287,9868859,null,'LD CSP 15 AR D','LONGA DISTANCIA TELEFONICA 15 VOZ D','INTERAREA',null,null,null,null);

insert into prc_service_price
values (11347816,9868859,9914287,'TELESP',to_date('2008-08-29','yyyy-MM-dd'),null,to_date('2008-09-26','yyyy-MM-dd'),'83549040','U',23781068,null,'DURATION(S',30,.5,.25686,'DURATION(S',6,.1,.051372,'N','R','C15V2NHMNM',null,'N','VC2OR15VIVOOUTRANMHOMR000');

insert into prc_service
values (9914316,9868859,null,'LD CSP 15 AR D','LONGA DISTANCIA TELEFONICA 15 VOZ D','INTERESTADUAL',null,null,null,null);

insert into prc_service_price
values (11347738,9868859,9914316,'TELESP',to_date('2008-08-29','yyyy-MM-dd'),null,to_date('2008-09-26','yyyy-MM-dd'),'83548280','U',23781068,null,'DURATION(S',30,.5,.4316675,'DURATION(S',6,.1,.0863335,'N','R','C15V3VHMNM',null,'N','VC3OR15VIVOXVIVONMHOMR000');

insert into prc_service_price
values (11347791,9868859,9914287,'TELESP',to_date('2008-08-29','yyyy-MM-dd'),null,to_date('2008-09-26','yyyy-MM-dd'),'83548790','U',23781068,null,'DURATION(S',30,.5,.25686,'DURATION(S',6,.1,.051372,'N','R','C15V2LFHMNM',null,'N','VC2OR15VIVOXFIXONMHOMR000');

insert into prc_service_price
values (11347902,9868859,9914316,'TELESP',to_date('2008-08-29','yyyy-MM-dd'),null,to_date('2008-09-26','yyyy-MM-dd'),'83549870','U',23781068,null,'DURATION(S',30,.5,.4316675,'DURATION(S',6,.1,.0863335,'N','R','C15V3NHMNM',null,'N','VC3OR15VIVOOUTRANMHOMR000');

insert into prc_service_price
values (11347813,9868859,9914287,'TELESP',to_date('2008-08-29','yyyy-MM-dd'),null,to_date('2008-09-26','yyyy-MM-dd'),'83549010','U',23781068,null,'DURATION(S',30,.5,.25686,'DURATION(S',6,.1,.051372,'N','R','C15V2VRMNMCOL',null,'N','VC2CC15ACBVIVOVVNMRM1R000');

insert into prc_service
values (9914133,9868859,null,'LD CSP 15 AR B','LONGA DISTANCIA TELEFONICA 15 VOZ B','INTERAREA',null,null,null,null);

insert into prc_service_price
values (11347683,9868859,9914133,'TELESP',to_date('2008-08-29','yyyy-MM-dd'),null,to_date('2008-09-26','yyyy-MM-dd'),'83547750','U',23781068,null,'DURATION(S',30,.5,.25686,'DURATION(S',6,.1,.051372,'N','R','C15V2NHMRD',null,'N','VC2OR15VIVOOUTRARDHOMR000');

insert into prc_service_price
values (11347629,9868859,9914133,'TELESP',to_date('2008-08-29','yyyy-MM-dd'),null,to_date('2008-09-26','yyyy-MM-dd'),'83547230','U',23781068,null,'DURATION(S',30,.5,.25686,'DURATION(S',6,.1,.051372,'N','R','C15V2LFHMNM',null,'N','VC2OR15VIVOXFIXONMHOMR000');

insert into prc_service_price
values (11347681,9868859,9914133,'TELESP',to_date('2008-08-29','yyyy-MM-dd'),null,to_date('2008-09-26','yyyy-MM-dd'),'83547730','U',23781068,null,'DURATION(S',30,.5,.25686,'DURATION(S',6,.1,.051372,'N','R','C15V2VHMNMCOL',null,'N','VC2CC15ACBVIVOVVNMHOMR000');

insert into prc_service_price
values (11347631,9868859,9914133,'TELESP',to_date('2008-08-29','yyyy-MM-dd'),null,to_date('2008-09-26','yyyy-MM-dd'),'83547250','U',23781068,null,'DURATION(S',30,.5,.25686,'DURATION(S',6,.1,.051372,'N','R','C15V2LFRMNM',null,'N','VC2OR15VIVOXFIXONMRM1R000');

insert into prc_service_price
values (11347632,9868859,9914133,'TELESP',to_date('2008-08-29','yyyy-MM-dd'),null,to_date('2008-09-26','yyyy-MM-dd'),'83547260','U',23781068,null,'DURATION(S',30,.5,.25686,'DURATION(S',6,.1,.051372,'N','R','C15V2NHMNM',null,'N','VC2OR15VIVOOUTRANMHOMR000');

insert into prc_service_price
values (11347628,9868859,9914133,'TELESP',to_date('2008-08-29','yyyy-MM-dd'),null,to_date('2008-09-26','yyyy-MM-dd'),'83547220','U',23781068,null,'DURATION(S',30,.5,.25686,'DURATION(S',6,.1,.051372,'N','R','C15V2LFHMRD',null,'N','VC2OR15VIVOXFIXORDHOMR000');

insert into prc_service_price
values (11347567,9868859,9914133,'TELESP',to_date('2008-08-29','yyyy-MM-dd'),null,to_date('2008-09-26','yyyy-MM-dd'),'83546630','U',23781068,null,'DURATION(S',30,.5,.25686,'DURATION(S',6,.1,.051372,'N','R','C15V2LFRMRD',null,'N','VC2OR15VIVOXFIXORDRM1R000');

insert into prc_service_price
values (11347662,9868859,9914133,'TELESP',to_date('2008-08-29','yyyy-MM-dd'),null,to_date('2008-09-26','yyyy-MM-dd'),'83547540','U',23781068,null,'DURATION(S',30,.5,.25686,'DURATION(S',6,.1,.051372,'N','R','C15V2NRMNM',null,'N','VC2OR15VIVOOUTRANMRM1R000');

insert into prc_service
values (9914162,9868859,null,'LD CSP 15 AR B','LONGA DISTANCIA TELEFONICA 15 VOZ B','INTERESTADUAL',null,null,null,null);

insert into prc_service_price
values (11347569,9868859,9914162,'TELESP',to_date('2008-08-29','yyyy-MM-dd'),null,to_date('2008-09-26','yyyy-MM-dd'),'83546650','U',23781068,null,'DURATION(S',30,.5,.4316675,'DURATION(S',6,.1,.0863335,'N','R','C15V3VHMNM',null,'N','VC3OR15VIVOXVIVONMHOMR000');

insert into prc_service_price
values (11347604,9868859,9914162,'TELESP',to_date('2008-08-29','yyyy-MM-dd'),null,to_date('2008-09-26','yyyy-MM-dd'),'83547000','U',23781068,null,'DURATION(S',30,.5,.4316675,'DURATION(S',6,.1,.0863335,'N','R','C15V3VHMRD',null,'N','VC3OR15VIVOXVIVORDHOMR000');

insert into prc_service_price
values (11347568,9868859,9914162,'TELESP',to_date('2008-08-29','yyyy-MM-dd'),null,to_date('2008-09-26','yyyy-MM-dd'),'83546640','U',23781068,null,'DURATION(S',30,.5,.4316675,'DURATION(S',6,.1,.0863335,'N','R','C15V3NHMNM',null,'N','VC3OR15VIVOOUTRANMHOMR000');

insert into prc_service_price
values (11347660,9868859,9914162,'TELESP',to_date('2008-08-29','yyyy-MM-dd'),null,to_date('2008-09-26','yyyy-MM-dd'),'83547520','U',23781068,null,'DURATION(S',30,.5,.4316675,'DURATION(S',6,.1,.0863335,'N','R','C15V3NHMRD',null,'N','VC3OR15VIVOOUTRARDHOMR000');

insert into r13_negot_price
values ('0036021389','0012151908','82384240','VIVO EMPTEMPO 2000',0,'R',to_date('20080701','yyyyMMdd'),null,'82384240',0,0,0,'MONTHLY',0,0,0,'MONTHLY',0,'Y','N','TELESP','4',sysdate,'','','',0,null,'N');

insert into r13_negot_price
values ('0036021389','0012151908','82384240','VIVO EMPTEMPO 2000',0,'R',to_date('20080701','yyyyMMdd'),null,'82384240',0,760,0,'MONTHLY',0,0,0,'MONTHLY',0,'Y','N','TELESP','4',sysdate,'','','',0,'A','Y');

insert into r13_negot_price
values ('0036021389','0012151908','82384300','VIVO EMPTEMPO200',0,'R',to_date('20080701','yyyyMMdd'),null,'82384300',0,76,0,'MONTHLY',0,0,0,'MONTHLY',0,'Y','N','TELESP','4',sysdate,'','','',0,'A','Y');

insert into r13_negot_price
values ('0036021389','0012151908','82384080','VIVO EMPTEMPO',0,'R',to_date('20080701','yyyyMMdd'),null,'82384080',0,18,0,'MONTHLY',0,0,0,'MONTHLY',0,'Y','N','TELESP','4',sysdate,'','','',0,'A','Y');

insert into r13_negot_price
values ('0036021389','0012151908','881370','VIVO EMPTEMPO',0,'R',to_date('20060318','yyyyMMdd'),to_date('20070626','yyyyMMdd'),'881370',0,18,0,'MONTHLY',0,0,0,'MONTHLY',0,'Y','N','TELESP','4',sysdate,'','','',0,'A','Y');

insert into r13_negot_price
values ('0036021389','0012151908','881470','VIVO EMPTEMPO 2000',0,'R',to_date('20060318','yyyyMMdd'),to_date('20070629','yyyyMMdd'),'881470',0,0,0,'MONTHLY',0,0,0,'MONTHLY',0,'Y','N','TELESP','4',sysdate,'','','',0,null,'N');

insert into r13_negot_price
values ('0036021389','0012151908','881470','VIVO EMPTEMPO 2000',0,'R',to_date('20060318','yyyyMMdd'),to_date('20070629','yyyyMMdd'),'881470',0,760,0,'MONTHLY',0,0,0,'MONTHLY',0,'Y','N','TELESP','4',sysdate,'','','',0,'A','Y');

insert into r13_negot_price
values ('0036021389','0012151908','881390','VIVO EMPTEMPO200',0,'R',to_date('20060318','yyyyMMdd'),to_date('20070702','yyyyMMdd'),'881390',0,76,0,'MONTHLY',0,0,0,'MONTHLY',0,'Y','N','TELESP','4',sysdate,'','','',0,'A','Y');

insert into r13_negot_price
values ('0036021389','0012151908','1138260','PACOTE LD 2 038',0,'R',to_date('20060318','yyyyMMdd'),null,'1138260',0,0,0,'MONTHLY',0,0,0,'MONTHLY',0,'Y','N','TELESP','4',sysdate,'','','',0,'A','Y');

insert into r13_negot_price
values ('0036021389','0012151908','79620310','VIVO EMPTEMPO200',0,'R',to_date('20070703','yyyyMMdd'),to_date('20080630','yyyyMMdd'),'79620310',0,76,0,'MONTHLY',0,0,0,'MONTHLY',0,'Y','N','TELESP','4',sysdate,'','','',0,'A','Y');

insert into r13_negot_price
values ('0036021389','0012151908','79485070','VIVO EMPTEMPO',0,'R',to_date('20070703','yyyyMMdd'),to_date('20080630','yyyyMMdd'),'79485070',0,18,0,'MONTHLY',0,0,0,'MONTHLY',0,'Y','N','TELESP','4',sysdate,'','','',0,'A','Y');

insert into r13_negot_price
values ('0036021389','0012151908','00000NC1NFDG8QV','PARC EQUIP 12 MIGR',0,'R',to_date('20000101','yyyyMMdd'),null,'00000NC1NFDG8QV',0,50,0,'MONTHLY',1,null,0,'MONTHLY',0.5,'Y','N','TELESP','00',sysdate,'','','',null,'A','N');

insert into r13_negot_price
values ('0036021389','0012151908','00000N81L1ER5EW','PARC EQUIP 6',0,'R',to_date('20000101','yyyyMMdd'),null,'00000N81L1ER5EW',0,166.5,0,'MONTHLY',1,null,0,'MONTHLY',.5,'Y','N','TELESP','00',sysdate,'','','',null,'A','N');

insert into r13_negot_price
values ('0036021389','0012151908','79531120','VIVO EMPTEMPO 2000',0,'R',to_date('20070703','yyyyMMdd'),to_date('20080630','yyyyMMdd'),'79531120',0,0,0,'MONTHLY',0,0,0,'MONTHLY',0,'Y','N','TELESP','4',sysdate,'','','',0,null,'N');

insert into r13_negot_price
values ('0036021389','0012151908','79531120','VIVO EMPTEMPO 2000',0,'R',to_date('20070703','yyyyMMdd'),to_date('20080630','yyyyMMdd'),'79531120',0,760,0,'MONTHLY',0,0,0,'MONTHLY',0,'Y','N','TELESP','4',sysdate,'','','',0,'A','Y');

insert into r13_negot_price
values ('0036021389','0012151908','00000N81L1ER5EW','PARC EQUIP 6',0,'R',to_date('20060312','yyyyMMdd'),null,'00000N81L1ER5EW',0,108.17,0,'MONTHLY',1,null,0,'MONTHLY',.5,'Y','N','TELESP','00',sysdate,'','','',null,'A','N');

insert into r13_negot_price
values ('0036021389','0012151909','82384080','VIVO EMPTEMPO',0,'R',to_date('20080701','yyyyMMdd'),null,'82384080',0,18,0,'MONTHLY',0,0,0,'MONTHLY',0,'Y','N','TELESP','4',sysdate,'','','',0,'A','Y');

insert into r13_negot_price
values ('0036021389','0012151909','881370','VIVO EMPTEMPO',0,'R',to_date('20060318','yyyyMMdd'),to_date('20070626','yyyyMMdd'),'881370',0,18,0,'MONTHLY',0,0,0,'MONTHLY',0,'Y','N','TELESP','4',sysdate,'','','',0,'A','Y');

insert into r13_negot_price
values ('0036021389','0012151909','1138260','PACOTE LD 2 038',0,'R',to_date('20060318','yyyyMMdd'),null,'1138260',0,0,0,'MONTHLY',0,0,0,'MONTHLY',0,'Y','N','TELESP','4',sysdate,'','','',0,'A','Y');

insert into r13_negot_price
values ('0036021389','0012151909','79485070','VIVO EMPTEMPO',0,'R',to_date('20070703','yyyyMMdd'),to_date('20080630','yyyyMMdd'),'79485070',0,18,0,'MONTHLY',0,0,0,'MONTHLY',0,'Y','N','TELESP','4',sysdate,'','','',0,'A','Y');

insert into r13_negot_price
values ('0036021389','0012151909','00000N81L1ER5EW','PARC EQUIP 6',0,'R',to_date('20060312','yyyyMMdd'),null,'00000N81L1ER5EW',0,108.17,0,'MONTHLY',1,null,0,'MONTHLY',.5,'Y','N','TELESP','00',sysdate,'','','',null,'A','N');

insert into r13_negot_price
values ('0036021389','0012151912','82384080','VIVO EMPTEMPO',0,'R',to_date('20080701','yyyyMMdd'),null,'82384080',0,18,0,'MONTHLY',0,0,0,'MONTHLY',0,'Y','N','TELESP','4',sysdate,'','','',0,'A','Y');

insert into r13_negot_price
values ('0036021389','0012151912','881370','VIVO EMPTEMPO',0,'R',to_date('20060318','yyyyMMdd'),to_date('20070626','yyyyMMdd'),'881370',0,18,0,'MONTHLY',0,0,0,'MONTHLY',0,'Y','N','TELESP','4',sysdate,'','','',0,'A','Y');

insert into r13_negot_price
values ('0036021389','0012151912','1138260','PACOTE LD 2 038',0,'R',to_date('20060318','yyyyMMdd'),null,'1138260',0,0,0,'MONTHLY',0,0,0,'MONTHLY',0,'Y','N','TELESP','4',sysdate,'','','',0,'A','Y');

insert into r13_negot_price
values ('0036021389','0012151912','79485070','VIVO EMPTEMPO',0,'R',to_date('20070703','yyyyMMdd'),to_date('20080630','yyyyMMdd'),'79485070',0,18,0,'MONTHLY',0,0,0,'MONTHLY',0,'Y','N','TELESP','4',sysdate,'','','',0,'A','Y');

insert into r13_negot_price
values ('0036021389','0012151912','16050','PARCELAMENTO PPUNICO',0,'R',to_date('20080115','yyyyMMdd'),null,'16050',0,8.82,0,'MONTHLY',0,0,0,'MONTHLY',0,'Y','N','TELESP','00',sysdate,'','','',0,'A','Y');

insert into r13_negot_price
values ('0036021389','0012151913','881370','VIVO EMPTEMPO',0,'R',to_date('20060307','yyyyMMdd'),to_date('20070626','yyyyMMdd'),'881370',0,18,0,'MONTHLY',0,0,0,'MONTHLY',0,'Y','N','TELESP','4',sysdate,'','','',0,'A','Y');

insert into r13_negot_price
values ('0036021389','0012151913','1138260','PACOTE LD 2 038',0,'R',to_date('20060307','yyyyMMdd'),null,'1138260',0,0,0,'MONTHLY',0,0,0,'MONTHLY',0,'Y','N','TELESP','4',sysdate,'','','',0,'A','Y');

insert into r13_negot_price
values ('0036021389','0012151913','79485070','VIVO EMPTEMPO',0,'R',to_date('20070703','yyyyMMdd'),to_date('20080630','yyyyMMdd'),'79485070',0,18,0,'MONTHLY',0,0,0,'MONTHLY',0,'Y','N','TELESP','4',sysdate,'','','',0,'A','Y');

insert into r13_negot_price
values ('0036021389','0012151913','82384080','VIVO EMPTEMPO',0,'R',to_date('20080701','yyyyMMdd'),null,'82384080',0,18,0,'MONTHLY',0,0,0,'MONTHLY',0,'Y','N','TELESP','4',sysdate,'','','',0,'A','Y');

insert into r13_negot_price
values ('0036021389','0014573023','82384080','VIVO EMPTEMPO',0,'R',to_date('20080701','yyyyMMdd'),null,'82384080',0,18,0,'MONTHLY',0,0,0,'MONTHLY',0,'Y','N','TELESP','4',sysdate,'','','',0,'A','Y');

insert into r13_negot_price
values ('0036021389','0014573023','881370','VIVO EMPTEMPO',0,'R',to_date('20060318','yyyyMMdd'),to_date('20070626','yyyyMMdd'),'881370',0,18,0,'MONTHLY',0,0,0,'MONTHLY',0,'Y','N','TELESP','4',sysdate,'','','',0,'A','Y');

insert into r13_negot_price
values ('0036021389','0014573023','1138260','PACOTE LD 2 038',0,'R',to_date('20060318','yyyyMMdd'),null,'1138260',0,0,0,'MONTHLY',0,0,0,'MONTHLY',0,'Y','N','TELESP','4',sysdate,'','','',0,'A','Y');

insert into r13_negot_price
values ('0036021389','0014573023','79485070','VIVO EMPTEMPO',0,'R',to_date('20070703','yyyyMMdd'),to_date('20080630','yyyyMMdd'),'79485070',0,18,0,'MONTHLY',0,0,0,'MONTHLY',0,'Y','N','TELESP','4',sysdate,'','','',0,'A','Y');

insert into r13_negot_price
values ('0036021389','0014573026','82384080','VIVO EMPTEMPO',0,'R',to_date('20080701','yyyyMMdd'),null,'82384080',0,18,0,'MONTHLY',0,0,0,'MONTHLY',0,'Y','N','TELESP','4',sysdate,'','','',0,'A','Y');

insert into r13_negot_price
values ('0036021389','0014573026','881370','VIVO EMPTEMPO',0,'R',to_date('20060318','yyyyMMdd'),to_date('20070626','yyyyMMdd'),'881370',0,18,0,'MONTHLY',0,0,0,'MONTHLY',0,'Y','N','TELESP','4',sysdate,'','','',0,'A','Y');

insert into r13_negot_price
values ('0036021389','0014573026','1138260','PACOTE LD 2 038',0,'R',to_date('20060318','yyyyMMdd'),null,'1138260',0,0,0,'MONTHLY',0,0,0,'MONTHLY',0,'Y','N','TELESP','4',sysdate,'','','',0,'A','Y');

insert into r13_negot_price
values ('0036021389','0014573026','79485070','VIVO EMPTEMPO',0,'R',to_date('20070703','yyyyMMdd'),to_date('20080630','yyyyMMdd'),'79485070',0,18,0,'MONTHLY',0,0,0,'MONTHLY',0,'Y','N','TELESP','4',sysdate,'','','',0,'A','Y');

insert into r13_negot_price
values ('0036021389','0014573026','16050','PARCELAMENTO PPUNICO',0,'R',to_date('20080222','yyyyMMdd'),null,'16050',0,8.82,0,'MONTHLY',0,0,0,'MONTHLY',0,'Y','N','TELESP','00',sysdate,'','','',0,'A','Y');

insert into r13_negot_price
values ('0036021389','0014573028','82384080','VIVO EMPTEMPO',0,'R',to_date('20080701','yyyyMMdd'),null,'82384080',0,18,0,'MONTHLY',0,0,0,'MONTHLY',0,'Y','N','TELESP','4',sysdate,'','','',0,'A','Y');

insert into r13_negot_price
values ('0036021389','0014573028','881370','VIVO EMPTEMPO',0,'R',to_date('20060318','yyyyMMdd'),to_date('20070626','yyyyMMdd'),'881370',0,18,0,'MONTHLY',0,0,0,'MONTHLY',0,'Y','N','TELESP','4',sysdate,'','','',0,'A','Y');

insert into r13_negot_price
values ('0036021389','0014573028','1138260','PACOTE LD 2 038',0,'R',to_date('20060318','yyyyMMdd'),null,'1138260',0,0,0,'MONTHLY',0,0,0,'MONTHLY',0,'Y','N','TELESP','4',sysdate,'','','',0,'A','Y');

insert into r13_negot_price
values ('0036021389','0014573028','79485070','VIVO EMPTEMPO',0,'R',to_date('20070703','yyyyMMdd'),to_date('20080630','yyyyMMdd'),'79485070',0,18,0,'MONTHLY',0,0,0,'MONTHLY',0,'Y','N','TELESP','4',sysdate,'','','',0,'A','Y');

insert into r13_negot_price
values ('0036021389','0014573029','82384080','VIVO EMPTEMPO',0,'R',to_date('20080701','yyyyMMdd'),null,'82384080',0,18,0,'MONTHLY',0,0,0,'MONTHLY',0,'Y','N','TELESP','4',sysdate,'','','',0,'A','Y');

insert into r13_negot_price
values ('0036021389','0014573029','881370','VIVO EMPTEMPO',0,'R',to_date('20060318','yyyyMMdd'),to_date('20070626','yyyyMMdd'),'881370',0,18,0,'MONTHLY',0,0,0,'MONTHLY',0,'Y','N','TELESP','4',sysdate,'','','',0,'A','Y');

insert into r13_negot_price
values ('0036021389','0014573029','1138260','PACOTE LD 2 038',0,'R',to_date('20060318','yyyyMMdd'),null,'1138260',0,0,0,'MONTHLY',0,0,0,'MONTHLY',0,'Y','N','TELESP','4',sysdate,'','','',0,'A','Y');

insert into r13_negot_price
values ('0036021389','0014573029','79485070','VIVO EMPTEMPO',0,'R',to_date('20070703','yyyyMMdd'),to_date('20080630','yyyyMMdd'),'79485070',0,18,0,'MONTHLY',0,0,0,'MONTHLY',0,'Y','N','TELESP','4',sysdate,'','','',0,'A','Y');

insert into r13_negot_price
values ('0036021389','0034004952','82384080','VIVO EMPTEMPO',0,'R',to_date('20080701','yyyyMMdd'),null,'82384080',0,18,0,'MONTHLY',0,0,0,'MONTHLY',0,'Y','N','TELESP','4',sysdate,'','','',0,'A','Y');

insert into r13_negot_price
values ('0036021389','0034004952','881370','VIVO EMPTEMPO',0,'R',to_date('20060318','yyyyMMdd'),to_date('20070626','yyyyMMdd'),'881370',0,18,0,'MONTHLY',0,0,0,'MONTHLY',0,'Y','N','TELESP','4',sysdate,'','','',0,'A','Y');

insert into r13_negot_price
values ('0036021389','0034004952','1138260','PACOTE LD 2 038',0,'R',to_date('20060318','yyyyMMdd'),null,'1138260',0,0,0,'MONTHLY',0,0,0,'MONTHLY',0,'Y','N','TELESP','4',sysdate,'','','',0,'A','Y');

insert into r13_negot_price
values ('0036021389','0034004952','79485070','VIVO EMPTEMPO',0,'R',to_date('20070703','yyyyMMdd'),to_date('20080630','yyyyMMdd'),'79485070',0,18,0,'MONTHLY',0,0,0,'MONTHLY',0,'Y','N','TELESP','4',sysdate,'','','',0,'A','Y');

insert into r13_negot_price
values ('0036021389','0036021390','82384080','VIVO EMPTEMPO',0,'R',to_date('20080701','yyyyMMdd'),null,'82384080',0,18,0,'MONTHLY',0,0,0,'MONTHLY',0,'Y','N','TELESP','4',sysdate,'','','',0,'A','Y');

insert into r13_negot_price
values ('0036021389','0036021390','881370','VIVO EMPTEMPO',0,'R',to_date('20060318','yyyyMMdd'),to_date('20070626','yyyyMMdd'),'881370',0,18,0,'MONTHLY',0,0,0,'MONTHLY',0,'Y','N','TELESP','4',sysdate,'','','',0,'A','Y');

insert into r13_negot_price
values ('0036021389','0036021390','1138260','PACOTE LD 2 038',0,'R',to_date('20060318','yyyyMMdd'),null,'1138260',0,0,0,'MONTHLY',0,0,0,'MONTHLY',0,'Y','N','TELESP','4',sysdate,'','','',0,'A','Y');

insert into r13_negot_price
values ('0036021389','0036021390','79485070','VIVO EMPTEMPO',0,'R',to_date('20070703','yyyyMMdd'),to_date('20080630','yyyyMMdd'),'79485070',0,18,0,'MONTHLY',0,0,0,'MONTHLY',0,'Y','N','TELESP','4',sysdate,'','','',0,'A','Y');

insert into r13_negot_price
values ('0036021389','0036021443','82384080','VIVO EMPTEMPO',0,'R',to_date('20080701','yyyyMMdd'),null,'82384080',0,18,0,'MONTHLY',0,0,0,'MONTHLY',0,'Y','N','TELESP','4',sysdate,'','','',0,'A','Y');

insert into r13_negot_price
values ('0036021389','0036021443','881370','VIVO EMPTEMPO',0,'R',to_date('20060318','yyyyMMdd'),to_date('20070626','yyyyMMdd'),'881370',0,18,0,'MONTHLY',0,0,0,'MONTHLY',0,'Y','N','TELESP','4',sysdate,'','','',0,'A','Y');

insert into r13_negot_price
values ('0036021389','0036021443','1138260','PACOTE LD 2 038',0,'R',to_date('20060318','yyyyMMdd'),null,'1138260',0,0,0,'MONTHLY',0,0,0,'MONTHLY',0,'Y','N','TELESP','4',sysdate,'','','',0,'A','Y');

insert into r13_negot_price
values ('0036021389','0036021443','79485070','VIVO EMPTEMPO',0,'R',to_date('20070703','yyyyMMdd'),to_date('20080630','yyyyMMdd'),'79485070',0,18,0,'MONTHLY',0,0,0,'MONTHLY',0,'Y','N','TELESP','4',sysdate,'','','',0,'A','Y');

insert into r13_negot_price
values ('0036021389','2008115606','82384080','VIVO EMPTEMPO',0,'R',to_date('20080701','yyyyMMdd'),null,'82384080',0,18,0,'MONTHLY',0,0,0,'MONTHLY',0,'Y','N','TELESP','4',sysdate,'','','',0,'A','Y');

insert into r13_negot_price
values ('0036021389','2008115606','79485070','VIVO EMPTEMPO',0,'R',to_date('20070703','yyyyMMdd'),to_date('20080630','yyyyMMdd'),'79485070',0,18,0,'MONTHLY',0,0,0,'MONTHLY',0,'Y','N','TELESP','4',sysdate,'','','',0,'A','Y');

insert into r13_negot_price
values ('0036021389','2008115606','1138260','PACOTE LD 2 038',0,'R',to_date('20060226','yyyyMMdd'),null,'1138260',0,0,0,'MONTHLY',0,0,0,'MONTHLY',0,'Y','N','TELESP','4',sysdate,'','','',0,'A','Y');

insert into r13_negot_price
values ('0036021389','2008115606','881370','VIVO EMPTEMPO',0,'R',to_date('20060226','yyyyMMdd'),to_date('20070626','yyyyMMdd'),'881370',0,18,0,'MONTHLY',0,0,0,'MONTHLY',0,'Y','N','TELESP','4',sysdate,'','','',0,'A','Y');

